13691,ZAKS FURNITURE,4524 N ROAN ST,,37615,JOHNSON CITY,TN,423-854-8178
29899,NASHVILLE MACHINE COMPANY,530 WOODYCREST AVE,PO BOX 101603,37210,NASHVILLE,TN,615-244-2030
31021,JAKE MARSHALL LLC,2912 S HICKORY,,37407,CHATTANOOGA,TN,423-698-3132
87581,LEWIS SMITH SPLY,1306 COLUMBIA HWY,,36302,DOTHAN,AL,334-793-5088
161924,WILLIAMSON MEDICAL CENTER,4321 CAROTHERS PKWY,,37067,FRANKLIN,TN,615-435-5175
242879,KANES FURNITURE,5700 70TH AVE N,,33781,PINELLAS PARK,FL,727-545-9555
274817,WILLIS WAYSIDE,4220 VIRGINIA BEACH BLVD,,23452,VIRGINIA BEACH,VA,757-340-2112
296798,MAYS MUNROE,2762 CAPITAL CIRCLE NE,,32308,TALLAHASSEE,FL,850-385-9495
306546,METAL AIRE LOUVRE COMPANY INC,3428 GREEN PINE DR,PO BOX 250751,36125,MONTGOMERY,AL,334-262-3306
314009,GRAY FURNITURE,514 BROAD ST,,36701,SELMA,AL,334-875-9616
316779,HAVERTYS FURNITURE,107 RIVER HILLS DR STE C,,28805,ASHEVILLE,NC,512-891-0714
320508,THYBAR INCORPORATED,10200 BUNSEN WAY,,40299,LOUISVILLE,KY,502-499-5480
324674,FG WILSON INCORPORATED,10151 BUSINESS DR,,33025,MIRAMAR,FL,954-433-2212
325267,TAYLOR SEIDENBACH INC,731 S SCOTT ST,PO BOX 50368,70150,NEW ORLEANS,LA,504-486-7474
350502,SIDES APPLIANCE AND FURNITURE,121 SHARON BLVD,,35062,DORA,AL,205-648-3124
354429,HAVERTYS FURNITURE,5169 VIRGINIA BEACH BLVD,,23462,VIRGINIA BEACH,VA,512-891-0714
356061,DECORATORS UNLIMITED,4700 RIVERSIDE DR STE 100,,33410,PALM BEACH GARDENS,FL,561-625-3000
356789,FURNITURE WAREHOUSE,745 ROBERT SMALLS PKWY STE 1,,29904,BEAUFORT,SC,843-542-6011
390948,ROOMS TO GO,SUWANEE DISTRIBUTION CENTER,2695 VISTA RIDGE DR,30024,SUWANEE,GA,813-621-3958
402845,LYNCH APPLIANCE COMPANY,17 ROPER MTN RD,,29609,GREENVILLE,SC,864-268-3101
409364,SHUMATE MECHANICAL,2805 PREMIERE PKWY,,30097,DULUTH,GA,678-584-0880
422386,ADCOCK FURNITURE,4220 ATLANTA HWY,,30622,BOGART,GA,706-543-6938
422422,JOHNSON HEATER CORPORATION,11880 DORSETT RD,,63104,SAINT LOUIS,MO,
452066,BRANNOCK AND HIATT WAREHOUSE,201 GALLOWAY ST,,27030,MOUNT AIRY,NC,336-786-7510
475575,WO BLACKSTONE AND COMPANY,1841 SHOP RD,PO BOX 88,29202,COLUMBIA,SC,803-252-8222
499034,MURMAID MATTRESS,2401 GEORGETOWN RD,,37311,CLEVELAND,TN,423-473-9081
520510,BHW SHEET METAL,113 JOHNSON ST,PO BOX 995,30237,JONESBORO,GA,770-471-9303
528803,SMITHS OF DOTHAN INC,488 ROSS CLARK CIR,PO BOX 1207,36302,DOTHAN,AL,334-794-6721
543734,EPTING DISTRIBUTORS,4590 GAYNOR AVE,,29418,NORTH CHARLESTON,SC,843-554-7100
545766,HONDA MFG OF AL 011480-01,1800 HONDA DR,,35096,LINCOLN,AL,205-355-5000
600855,HAVERTYS FURNITURE,1090 BROADWAY AVE,,30517,BRASELTON,GA,512-891-0714
604724,KIBLERS FURNITURE STORE,24065 SENEDO RD,,22664,WOODSTOCK,VA,540-459-2992
620546,CAROLINA FURNITURE CONCEPTS,145 CANE CREEK IND PK RD #300,,28732,FLETCHER,NC,828-681-5022
634728,MT VERNON SLEEP CENTER,3500 PLANK RD STE E,,22407,FREDERICKSBURG,VA,540-786-2777
636910,HOMTEX FACTORY OUTLET,5788 US HWY 157 STE A,,35055,CULLMAN,AL,256-775-1603
671691,BROOKS FURNITURE,1201 W BROAD AVE,,31707,ALBANY,GA,229-888-3933
681762,CITY FURNITURE,6701 N HIATUS RD,,33321,TAMARAC,FL,
685181,TURNERS FINE FURNITURE,375 OAKRIDGE CHURCH RD,,31794,TIFTON,GA,229-387-1200
685181,TURNERS FINE FURNITURE,375 OAKRIDGE CHURCH RD,,31794,TIFTON,GA,229-387-1204
688228,BROWN FURNITURE,31 W WESMARK BLVD,,29150,SUMTER,SC,803-774-2100
690787,MATTRESS PLUS AND FURNITURE,1881 COBB PKWY,,30152,KENNESAW,GA,770-421-1113
706429,HART AND COOLEY,1591 JORDAN RD,,35811,HUNTSVILLE,AL,256-859-2635
711542,HICKORY PARK FURNITURE WHSE,2832 US HWY 70 SE,,28601,HICKORY,NC,828-322-1454
711542,HICKORY PARK FURNITURE WHSE,2832 US HWY 70 SE,,28601,HICKORY,NC,828-322-1689
735172,SLEEP GALLERY,711 N MONROE ST,,32303,TALLAHASSEE,FL,228-897-2339
735172,SLEEP GALLERY,711 N MONROE ST,,32303,TALLAHASSEE,FL,850-222-0435
742773,ADCOCK FURNITURE,155 TRADE ST,,30622,BOGART,GA,706-543-5002
762468,SPECIALTY FURNISHINGS,1030 NORCROSS INDUSTRIAL CT,,30071,NORCROSS,GA,770-441-0647
766844,BROTHERS BEDDING,5610 N BROADWAY,,37918,KNOXVILLE,TN,865-687-7309
779416,MIDDLE GEORGIA MECHANICAL,317 CENTRAL DR,,31027,EAST DUBLIN,GA,478-275-4530
781781,MACON BEDROOM OUTLET,3815 MERCER UNIVERSITY DR,,31204,MACON,GA,478-405-0679
801487,H AND H HEATING AND COOLING,14517 US HWY 72,,35611,ATHENS,AL,256-230-9488
804418,DENMARK INTERIORS,6253 COMMERCE PARK DR,,33912,FORT MYERS,FL,239-275-0772
804595,MATTRESS FIRM WAREHOUSE,3231 POWER DR,,29418,NORTH CHARLESTON,SC,303-534-2136
805347,CATERPILLAR,284 MAWSONS WAY,,29108,NEWBERRY,SC,803-405-8499
824273,NASHVILLE SHEET METAL,LOCAL CUSTOMIZATION,2925 ARMORY DR,37204,NASHVILLE,TN,615-255-9152
826312,KANE FURNITURE,101 BUSINESS CENTER DR,,32174,ORMOND BEACH,FL,386-672-0100
826628,LAMBERT TRANSFER,1102 FOX TRL,,36803,OPELIKA,AL,516-844-8847
830790,TURNER FINE FURNITURE,317 INDUSTRIAL BLVD,,31792,THOMASVILLE,GA,706-243-4877
839118,SHERWOOD HOUSE FURNITURE,120 ARNETT BLVD,,24540,DANVILLE,VA,434-792-2414
840534,ASHLEY FURNITURE,2223 COBBS FORD RD,,36066,PRATTVILLE,AL,662-869-5136
847288,MOUNTAIN HEATING AND COOLING,230 APPLEGATE TRCE,,35124,PELHAM,AL,1-205-663-0293
855887,FSI,7800 THE BLUFFS STE C,,30168,AUSTELL,GA,678-391-6203
856987,GIBSON FURNITURE,161 MAIN ST,,28901,ANDREWS,NC,828-321-3043
858409,INTERBOND CORP OF AMERICA,3200 SW 42ND ST,,33312,FORT LAUDERDALE,FL,
880262,SOUTHERN COLLEGE,10101 PARK LANE,PO BOX 370,37315,COLLEGEDALE,TN,423-238-2861
882806,HAVERTYS FURNITURE,86 BLANDING BLVD,,32073,ORANGE PARK,FL,512-891-0714
882859,HAVERTYS FURNITURE,11501 MIDLOTHIAN TPKE,,23235,RICHMOND,VA,512-891-0714
909173,FAMOUS TATE DIST CTR,6405 N 54TH ST,,33610,TAMPA,FL,813-739-6406
909173,FAMOUS TATE DIST CTR,6405 N 54TH ST,,33610,TAMPA,FL,
914871,ZETA FORWARDINIG,13612 N UNITEC DR,,78045,LAREDO,TX,956-791-2204
919693,G MAY AND SONS FURNITURE,315 HWY 78 W,,35501,JASPER,AL,205-384-6035
923482,KIEWIT OFFSHORE SERVICES,2440 KIEWIT RD,,78362,INGLESIDE,TX,361-775-4399
926452,AHD PURNELL FURNITURE,7898 NOTES DR,,20109,MANASSAS,VA,
930665,HART AND COOLEY,200 N NORTHPOINT DR BLDG 4,,75019,COPPELL,TX,469-549-2647
936677,SONNYS SERVICE,10651 HWY 301,,33525,DADE CITY,FL,352-567-6224
939273,MATTRESS PLANET,1060 GLENN BLVD SW,,35967,FT PAYNE,AL,256-844-9511
958394,HEALTHY BACK NC WHSE,1601 GEER ST STE B5,,27704,DURHAM,NC,919-206-4411
965486,AAFES DAN DANIEL DIST CTR,231 ENTERPRISES DR,OAKLAND IND PARK PO6912322083,23603,NEWPORT NEWS,VA,757-888-2839
988495,FURNITURE LIQUIDATORS INC,9595 WARREN H ABERNATHY HWY,,29301,SPARTANBURG,SC,864-439-4403
999117,CLASSIC FURNITURE ESSENTIALS,3520 REMSON CT,,22901,CHARLOTTESVILLE,VA,434-973-5146
999255,RHOTON AND SMITH FURNITURE,2368 US HWY 23 N,,24290,WEBER CITY,VA,276-383-7462
1013983,SLEEP ZONE,3314 E STONE DR,,37660,KINGSPORT,TN,423-282-1998
1013983,SLEEP ZONE,3314 E STONE DR,,37660,KINGSPORT,TN,423-378-4445
1021585,WACKER POLYSILICON NA,553 MCBRYANT RD NW,PO BOX 446,37310,CHARLESTON,TN,423-780-8119
1030273,THOMAS SUPPLY,210 N LUKE ST,,70506,LAFAYETTE,LA,
1044579,KOYO BEARINGS,2850 MAGNOLIA ST,PO BOX 967,29115,ORANGEBURG,SC,803-536-6200
1077116,MATTRESS OUTLET,1218 VIOLET LN,,37813,MORRISTOWN,TN,865-522-3993
1080621,MATTRESS DIRECT,916 WILLIAM BLOUNT DR,,37801,MARYVILLE,TN,865-379-2388
1081928,GOVERNAIR LLC,50 NW 50TH ST,,73118,OKLAHOMA CITY,OK,
1095688,LEE COMPANY,26670 SUCCESS DR STE H,,35756,MADISON,AL,256-353-1500
1096562,HAMPTON FURN,809 WHITEHALL RD,,29625,ANDERSON,SC,864-224-3099
1096905,CRAWFORD FURNITURE AND MATTRES,127 MAIN ST,,29709,CHESTERFIELD,SC,843-623-7340
1097676,BASSETT FURNITURE,6563 WARREN DR,,30093,NORCROSS,GA,336-389-5573
1099943,HH GREGG,2529 OLD ANVIL BLOCK RD,,30294,ELLENWOOD,GA,404-608-7100
1100317,CONNS #150,10335 RIDGE CREEK DR,,28273,CHARLOTTE,NC,877-358-1252
1100969,CAROLINA SLEEP SHOPPE LLC,1306 BERRYHILL RD,,28208,CHARLOTTE,NC,704-676-6101
1103173,SANDAVIS INC,160 PINEHURST AVE,,28387,SOUTHERN PINES,NC,910-692-9624
1106297,ZAKS FURNITURE,1004 QUALITY CIR,,37615,JOHNSON CITY,TN,423-854-8160
1120920,DELTA METALS,218 E. LATHROP AVE.,,31401,SAVANNAH,GA,912-234-8201
1156120,ECONOMY FURNITURE,120 MAIN ST,,29070,LEESVILLE,SC,803-532-9273
1167622,BILL WILLIAMS A C,3562 LENOX AVE,,32205,JACKSONVILLE,FL,904-387-0491
1179480,TYSON FURNITURE COMPANY INC,109 BROADWAY,,28711,BLACK MOUNTAIN,NC,828-669-8292
1198648,BOWEN TOWN AND COUNTRY FURN,4847 SHATTALON DR,PO BOX 26195,27114,WINSTON SALEM,NC,336-765-2859
1198648,BOWEN TOWN AND COUNTRY FURNITURE,4847 SHATTALON DR,WAREHOUSE,27106,WINSTON SALEM,NC,336-924-6922
1229472,LOTT FURNITURE,401 MARY ST,PO BOX 606,31502,WAYCROSS,GA,912-283-6350
1229472,LOTT FURNITURE,401 MARY ST,PO BOX 606,31502,WAYCROSS,GA,917-283-6350
1295552,MORRELLS,461 SW DEPUTY J DAVIS LN,,32024,LAKE CITY,FL,386-752-3910
1295552,MORRELLS,461 SW DEPUTY J DAVIS LN,,32024,LAKE CITY,FL,386-752-6607
1309484,GRAND PIANO AND FURNITURE INC,2725 NICHOLAS AVE NE,,24012,ROANOKE,VA,540-342-6205
1309490,GRAND PIANO,2080 EVELYN BYRD AVE,,22801,HARRISONBURG,VA,540-434-7619
1329378,GRAND PIANO AND FURNITURE CO,STONEWALL INDUSTRIAL PARK,384 TYSON DR,22601,WINCHESTER,VA,540-667-0163
1393780,MARTIN MECHANICAL,160 MAXEY BLVD,,30601,ATHENS,GA,706-543-8251
1435508,CLAUSSENS,4715 S FLORIDA AVE,,33811,LAKELAND,FL,563-647-1000
1448818,GRAND FURNITURE WAREHOUSE,1301 BAKERS RD,,23455,VIRGINIA BEACH,VA,757-460-3391
1448818,GRAND FURNITURE WAREHOUSE,1301 BAKERS RD,,23455,VIRGINIA BEACH,VA,757-464-5921
1448818,GRAND FURNITURE,1305 BAKER RD,,23455,VIRGINIA BEACH,VA,757-464-5921
1461648,ENGINEERED PRODUCTS,GC CARTHAGE COMPANY,6801 W 12TH ST,32205,JACKSONVILLE,FL,904-783-6029
1546252,HOFFMAN & HOFFMAN,3816 PATTERSON ST,,27401,GREENSBORO,NC,336-292-8777
1581680,WOODSTOCK FURNITURE OUTLET,100 ROBIN RD EXT,,30102,ACWORTH,GA,678-255-1000
1965904,AIR THERN COMPANY INC,1010 LYNES AVE,,31402,SAVANNAH,GA,
1993164,GRAND PIANO AND FURN CO,125 DILLON CT,,37615,GRAY,TN,423-477-5712
2176264,MCCALLS SUPPLY INC,4575 RIVERS AVENUE,,29419,NORTH CHARLESTON,SC,843-744-0508
2304830,HARDEES FURNITURE WAREHOUSE,4603 S US HWY 301,,27803,ROCKY MOUNT,NC,252-977-2325
2304830,HARDEES FURNITURE WAREHOUSE,4603 S US HWY 301,,27803,ROCKY MOUNT,NC,252-977-2326
2492472,TROPICAL SHIPPING,9505 NW 108TH AVE,,33178,MIAMI,FL,305-805-7400
3144599,HUDSONS FURNITURE SHOWROOM,3290 W STATE RD 46,,32771,SANFORD,FL,407-323-9644
4673417,BETTER LIVING INC,2060 SEMINOLE TRL,PO BOX 7627,22901,CHARLOTTESVILLE,VA,434-973-8071
5671491,KNOXVILLE WHOLESALE FURNITURE,2381 OLD CALLAHAN RD,,37912,KNOXVILLE,TN,865-671-5300
,SEARS HOLDINGS CORPORATION,900 INTERNATIONAL PKWY,,33325,SUNRISE,FL,142-690-2203
,SLEEP TIGHT INC,1500 RAINBOW DR,,35901,GADSDEN,AL,205-240-5540
,SLEEP TIGHT INC,200 HWY 78 W,,35501,JASPER,AL,205-387-1885
,BEDZZZ EXPRESS,400 RIDGE DR,,35124,PELHAM,AL,205-664-0617
,BEDZZZ EXPRESS,400 RIDGE DR,,35124,PELHAM,AL,205-664-1441
,SLEEP TIGHT INC,1500 RAINBOW DR,,35901,GADSDEN,AL,205-733-0991
,SLEEP TIGHT INC,200 HWY 78 W,,35501,JASPER,AL,205-733-0991
,STAGG BEDDING,461M NE BLVD.,,36116,MONTGOMERY,AL,205-870-8979
,STAGG BEDDING,3217 APALACHEE PKWY,,32311,TALLAHASSEE,FL,205-967-0471
,STAGG BEDDING,461M NE BLVD,,36116,MONTGOMERY,AL,205-967-0471
,BEDZZZ EXPRESS OF HUNTSVILLE LLC,167 WESTCHESTER DR,,35758,MADISON,AL,205-967-3778
,HUNTSVILLE WHOLESALE FURNITURE INC,410 PINE VALLEY CIR,,35022,BESSEMER,AL,205-982-3610
,VALDOSTA FURNITURE,116 W CENTRAL AVE, ,31601,VALDOSTA,GA,229-247-4658
,THE BED FIRM MG,1602 NORMAN DR,,31602,VALDOSTA,GA,229-469-6946
,RELAX THE BACK 242,19400 S TAMIAMI TRAIL,,33908,FORT MYERS,FL,239-272-3852
,MATTRESS WORLD FLORIDA LLC,13110 METRO PKWY,,33912,FORT MYERS,FL,239-561-3666
,FLORIDA MATTRESS,13800 TAMIAMI TRAIL N,,34110,NAPLES,FL,239-597-5333
,CITY MATTRESS OF FLORIDA INC,4140 EXECUTIVE CIRCLE,,33916,FORT MYERS,FL,239-908-2070
,ELM CITY FURNITURE INC,101 W MAIN ST,,27822,ELM CITY,NC,252-236-4455
,FACTORY MATTRESS AND WATERBED OUTLE,1908 OLD FIRETOWER RD,,27858,GREENVILLE,NC,252-355-5401
,HIGHLAND FURNITURE SHOP INCNC,1132 US HWY 258 N,,28504,KINSTON,NC,252-522-0418
,MATTRESSES AND MORE OUTLET,4414 MCCLELLAN BLVD,,36206,ANNISTON,AL,256-237-3882
,SLEEP TIGHT INC,1550 OPELIKA RD STE 15,,36830,AUBURN,AL,256-375-5556
,SLEEP TIGHT INC,1500 RAINBOW DR,,35901,GADSDEN,AL,256-549-5005
,WEATHERS FURNITURE AHT,203 N BROAD ST,,35950,ALBERTVILLE,AL,256-593-4218
,BEDZZZ EXPRESS OF HUNTSVILLE LLC,167 WESTCHESTER DR,,35758,MADISON,AL,256-603-7135
,JOHN S PLACE INC,15147 CO RD 41,,35540,ADDISON,AL,256-747-1726
,JOHN S PLACE INCNC,15147 CR 41,,35540,ADDISON,AL,256-747-6300
,MATTRESS COUNTRY,4310 HELTON DR,,35630,FLORENCE,AL,256-760-9941
,MATTRESS COUNTRY,4310 HELTON DR,,35630,FLORENCE,AL,256-760-9991
,TEMPURSEALYB BURN LAB,ONE OFFICE PKWY,,27370,TRINITY,NC,276-431-7502
,KISER FURNITURE CO INC,143 DEADMORE ST,,24210,ABINGDON,VA,276-628-8213
,J AND R TURNER INC,185 MCCLURE AVE,,24228,CLINTWOOD,VA,276-926-9080
,MATTRESS FIRM TX EDI,105 BEN HAMBY DR,,29615,GREENVILLE,SC,303-534-2136
,MATTRESS FIRM TX EDI,1121 BLUFF INDUSTRIAL BLVD STE B,,29201,COLUMBIA,SC,303-534-2136
,MATTRESS FIRM TX EDI,1206 TOPSIDE RD,,37777,LOUISVILLE,TN,303-534-2136
,MATTRESS FIRM TX EDI,220 DEEN STILL RD STE 200,,33897,DAVENPORT,FL,303-534-2136
,MATTRESS FIRM TX EDI,224 OUTLOOK POINT DR STE 600,,32809,ORLANDO,FL,303-534-2136
,MATTRESS FIRM TX EDI,3350 BILL METZGER LN,,32514,PENSACOLA,FL,303-534-2136
,PROVIDENCE ENTERPRISES TN LLCEDI,102 LP AUER RD,,37604,JOHNSON CITY,TN,304-414-0234
,MATTRESS AND BEYOND CORP.,99411 OVERSEAS HWY,,33037,KEY LARGO,FL,305-247-4457
,SOS FURNITURE CO MG,1632 NW 82ND AVE,,33126,MIAMI,FL,305-261-3430
,MATTRESS AND BEYOND CORP,99411 OVERSEAS HWY,MM 99.4,33037,KEY LARGO,FL,305-451-4849
,ATLANTIC COAST FIRE,7700 NW 37TH AVE,,33147,MIAMI,FL,305-633-4327
,BEST FURNITURE AND APPLIANCES INC,9505 NW 108TH AVE,,33178,MEDLEY,FL,305-805-7400
,MATTRESS HOUSE,2751 SW 27 AVE,,33133,MIAMI,FL,305-856-1000
,MATTRESS WAEHOUSE,2416 BATTLEGROUND AVE,,27408,GREENSBORO,NC,312-605-2803
,INDIAN RIVER FURNITURE,3200 S US HWY 1,,32955,ROCKLEDGE,FL,321-632-5732
,INDIAN RIVER FURNITURE,3200 S US HWY 1,,32955,ROCKLEDGE,FL,321-636-4348
,Mr. Mattress LLC,810 Glove ave,,36330,Enterprise,AL,334-488-4301
,SLEEP CENTER OF DOTHAN INC,3015 MONTGOMERY HWY,,36303,DOTHAN,AL,334-702-3143
,SLEEP CENTER OF DOTHAN INC,3015 MOTGOMERY HWY,,36303,DOTHAN,AL,334-702-3143
,HORNE AND HORNE ENTERPRISES LLC,3702 MONTGOMERY HWY,,36303,DOTHAN,AL,334-702-4109
,WHOLESALE MATTRESS CENTER,937 OPELIKA RD,,36830,AUBURN,AL,334-821-0558
,WHOLESALE MATTRESS CENTER,937 OPELIKA RD,,36830,AUBURN,AL,334-821-0687
,NEW AUBURN LOCATION,1415 OPELIKA RD,,36830,AUBURN,AL,334-821-3047
,SOUTHERN MAX LLC,3006 LEE HWY,,24202,BRISTOL,VA,336-250-0769
,BASSETT FURNITURE INDUSTRIES INC.,1123 4TH ST SW,,28613,CONOVER,NC,336-309-5592
,BOWEN TOWN AND COUNTRY FURNITURE,1910 MOONEY ST,,27103,WINSTON SALEM,NC,336-765-1360
,ULTIMAX GROUP LLC EDI,141 KNOWLTON WAY,,31407,SAVANNAH,GA,343-656-0785
,WAYNES BEDDING AND FURNITURE INC,2929 NW 13TH ST,,32609,GAINESVILLE,FL,352-375-3599
,FAMILY FURNITURE AND CARPET INC,1736 US HWY 441,,34748,LEESBURG,FL,352-435-6131
,THE SLEEP CENTER,3055 SW COLLEGE RD,,34474,OCALA,FL,352-690-2339
,NASH INC,3494 N HWY 301,,33521,COLEMAN,FL,352-748-1454
,SLEEP CENTER SE INC,1901 NW 67TH PL,,32653,GAINESVILLE,FL,352-872-5668
,SHB FURNITURE LLC,480 PALM COAST PKWY SW,NO. A,32137,PALM COAST,FL,386-597-4700
,THE FURNITURE SHOWPLACE,1804 US HGW 90 W,,32055,LAKE CITY,FL,386-752-0744
,SOS FURNITURE CO,2621 ENTERPRISE RD STE 200,,32763,ORANGE CITY,FL,386-774-0660
,HAYNES FURNITURE CO INC,815 SIDNEY MARCUS BLVD,,30324,ATLANTA,GA,404-291-3913
,HAYNES FURNITURE CO INC,815 SIDNEY MARCUS BLVD,,30324,ATLANTA,GA,404-791-3913
,SOS FURNITURE CO,1255 LA QUINTA DR STE 130,,32809,ORLANDO,FL,407-240-3061
,MATTRESS WORLD FLORIDA LLC,930 CARTER RD UNIT 303,,34787,WINTER GARDEN,FL,407-347-7985
,MATTRESS XPERTS,3801 N FEDERAL HWY,,33308,OAKLAND PARK,FL,407-443-0444
,THE SLEEP ZONE INC,3309 E STONE DR,,37664,KINGSPORT,TN,423-282-1928
,BFD OF CHATTANOOGA,5245 HWY 153,,37343,HIXSON,TN,423-296-8393
,BEDS TO GO MG,2550 E MORRIS BLVD STE 3,,37813,MORRISTOWN,TN,423-317-7228
,BEDS TO GO MADISONVILLE,4024 HWY 411,,37354,MADISONVILLE,TN,423-420-6352
,CANNONS FINE HOME FURNISHINGS INC,423 E ELK AVE,,37643,ELIZABETHTON,TN,423-543-3826
,PROVIDENCE ENTERPRISES TN LLCEDI,102 LP AUER RD,,37601,JOHNSON CITY,TN,423-926-1406
,THE FIREPLACE SHOP,502 SUITE A WYNDHURST DR,,24502,LYNCHBURG,VA,434-237-3466
,GREAT AMERICAN SLEEP SHOPS INC,1520 LAKESIDE DR,,24501,LYNCHBURG,VA,434-385-9296
,BETTER LIVING INC,RTE 29 N,,22901,CHARLOTTESVILLE,VA,434-973-8071
,J.R. HOBBS CO,2021 CEDARS RD,STE 100,30043,LAWRENCEVILLE,GA,470-774-9029
,THE BED FIRM MG,1275 S HOUSTON LAKE RD STE 4,,31093,WARNER ROBINS,GA,475-218-0847
,THE BED FIRM MG,1275 S HOUSTON LAKE RD STE 4,,31093,WARNER ROBINS,GA,478-218-0847
,DISCOUNT MATTRESS,1835 N COLUMBIA ST,,31061,MILLEDGEVILLE,GA,478-454-2337
,PENNEBAKER ENT OF HATTIESBURG INC,4390 INTERSTATE DR,,31210,MACON,GA,478-803-0300
,MOBLEY FINE FURNITURE,216 VALLEY DR,,31069,PERRY,GA,478-987-1584
,HAVERTY FURNITURE COMPANY,201 SOUTHPOINT BLVD,,30253,MCDONOUGH,GA,512-891-0714
,HAVERTY FURNITURE COMPANY,3333 BUFORD DR,,30519,BUFORD,GA,512-891-0714
,HAVERTY FURNITURE COMPANY,6810 N STATE RD 7,,33073,COCONUT CREEK,FL,512-891-0714
,MACYS EDI,506 E CLOPTON ST,,23224,RICHMOND,VA,513-782-1838
,MACYS EDI,7100 NW 32ND AVE,,33147,MIAMI,FL,513-782-1838
,SLEEPYS LLC EDI,102 N MCLIN CREEK RD,,28613,CONOVER,NC,516-844-8847
,SLEEPYS LLC EDI,1580 NW 27TH AVE,,33069,POMPANO BEACH,FL,516-844-8847
,SLEEPYS LLCEDI,1851 W OAK PKWY STE 100,,30062,MARIETTA,GA,516-844-8847
,SLEEPYS LLC EDI,1855 BLVD W,,23230,RICHMOND,VA,516-844-8847
,SLEEPYS LLC EDI,25B ARTLEY RD 2,,31408,GARDEN CITY,GA,516-844-8847
,SLEEPYS LLC,4897 LEWIS RD,,30083,STONE MOUNTAIN,GA,516-844-8847
,SLEEPYS LLC EDI,921 COMMERCE CIR,,29410,HANAHAN,SC,516-844-8847
,AM MATT FL INC,500 S US 41 BYPASS,,34285,VENICE,FL,518-527-0914
,THE WATER BED SHACK LTD,80 BIG SPRING DR,,22801,HARRISONBURG,VA,540-432-0306
,THE WATERBED SHACK LTD,1971A EVELYN BYRD AVE,,22801,HARRISONBURG,VA,540-574-0061
,BASSETT FURNITURE INDUSTRIES INC.,1551 CARL D SILVER PKAY,,22401,FREDERICKSBURG,VA,540-785-5080
,TT AND C ONE LLC EDI,9351 NORTHEAST DR,,22408,FREDERICKSBURG,VA,540-785-7040
,FAMILY HOME FURNISHINGS INC,9351 NORTHEAST DR,,22408,FREDERICKSBURG,VA,540-834-0740
,SLEEP ON IT,431 W BROAD ST,,22980,WAYNESBORO,VA,540-932-7043
,SLEEP ON IT,431 W BROAD ST,,22980,WAYNESBORO,VA,540-943-5850
,EA CLORE SONS INC,303 CLORE PL,,22727,MADISON,VA,540-948-5821
,CITY MATTRESS OF FLORIDA INC,2255 PALM BEACH LKAES BLVD,,33409,WEST PALM BEACH,FL,561-689-5507
,THE HEALTHY BACK STORE,107 E 25TH ST,,31561,SEA ISLAND,GA,571-282-0951
,KINGSWERE FURNITURE LLCEDI,1850 EPPS BRIDGE PKWY,,30606,ATHENS,GA,608-323-6007
,KINGSWERE FURNITURE LLCEDI,1891 JONESBORO RD,,30253,MCDONOUGH,GA,608-323-6007
,KINGSWERE FURNITURE LLCEDI,1930 MT ZION RD,,30260,MORROW,GA,608-323-6007
,KINGSWERE FURNITURE LLCEDI,211 NEWNAN CROSSING BYP,,30265,NEWNAN,GA,608-323-6007
,KINGSWERE FURNITURE LLC EDI,221 NEWNAN CROSSING BYP,,30265,NEWNAN,GA,608-323-6007
,KINGSWERE FURNITURE LLC EDI,24244 US HWY 19 N,,33763,CLEARWATER,FL,608-323-6007
,KINGSWERE FURNITURE LLCEDI,2475 MARKETPLACE BLVD,,30040,CUMMING,GA,608-323-6007
,KINGSWERE FURNITURE LLCEDI,2535 PIEDMONT RD,,30324,ATLANTA,GA,608-323-6007
,KINGSWERE FURNITURE LLCEDI,2900 STONECREST CIR,,30038,LITHONIA,GA,608-323-6007
,KINGSWERE FURNITURE LLC EDI,2998 BROADWAY CENTER BLVD,,33510,BRANDON,FL,608-323-6007
,KINGSWERE FURNITURE LLCEDI,3295 BUFORD DR STE 100,,30519,BUFORD,GA,608-323-6007
,KINGSWERE FURNITURE LLCEDI,6855 SHANNON PKWY,,30291,UNION CITY,GA,608-323-6007
,KINGSWERE FURNITURE LLC EDI,7900 US HWY 19 N,,33781,PINELLAS PARK,FL,608-323-6007
,KINGSWERE FURNITURE LLCEDI,840 ERNEST BARRETT PKWY,,30144,KENNESAW,GA,608-323-6007
,SALTWATER INN,1166 6TH AVE UNIT 9B,,32960,VERO BEACH,FL,609-334-1208
,SLS WHITE GLOVE,2815 EARLHAM PL STE 103,,27263,HIGH POINT,NC,630-357-1417
,MATTRESS BARN,7469 KINGSPOINT PKWY,SUITE 100,32819,ORLANDO,FL,630-390-5443
,DUFRESNE SPENCER LLC EDI,6300 ENTERPRISE DR,,37416,CHATTANOOGA,TN,662-869-5136
,DUFRESNE SPENCER LLC EDI,6300 ENTERPRISE PARK DR STE B,,37416,CHATTANOOGA,TN,662-869-5136
,NW ATLANTA LIBRARY,2489 PERRY BLVD,,30318,ATLANTA,GA,678-633-2055
,HARDWOOD ARTISANS,21405 BUSINESS CT,,22718,ELKWOOD,VA,703-643-1044
,SWEET DREAMS MATTRESS INCMG,2425 STATESVILLE HWY,,28115,MOORESVILLE,NC,704-663-4730
,FACTORY MATTRESS SALESLINCOLNTON,113 DAV WARLICK DR,,28092,LINCOLNTON,NC,704-735-0072
,SLEEP DIMENSIONS INC,1101 CONCORD PKWY,,28027,CONCORD,NC,704-788-7662
,ISH MOORE INC,2121 E DIST CRT DR,,28269,CHARLOTTE,NC,704-815-0195
,SLEEP TIGHT GA INC,2000 REDMOND CIR,,30165,ROME,GA,706-232-0306
,SLEEP CENTER GA MG,6575 WHITTLESEY RD,,31909,COLUMBUS,GA,706-243-3333
,TURNER FURNITURE HOLDING CORP EDI,1328 BRIDGEPORT DR,,27284,KERNERSVILLE,NC,706-243-4877
,TURNER FURNITURE HOLDING CORPEDI,3018 LAKEWOOD DR STE B,,36867,PHENIX CITY,AL,706-243-4877
,SLEEP USA MATTRESS LLC,220 OLD ORCHARD SQUARE,,30540,ELLIJAY,GA,706-276-3031
,BEDS DIRECT INC,3200 WILLIAMS RD,,31909,COLUMBUS,GA,706-323-2337
,BEDS DIRECT INC,4454 WARM SPRINGS RD,,31909,COLUMBUS,GA,706-323-2337
,BEDS DIRECT INC,5450 WHITTLESEY BLVD,,31909,COLUMBUS,GA,706-323-2337
,BEDS EXPO,5555 WHITTLESEY BLVD 1110,,31909,COLUMBUS,GA,706-327-2424
,BEDS DIRECT INC,5555 WHITTLESEY BLVD 1110,,31909,COLUMBUS,GA,706-494-8221
,DISCOUNT MATTRESS,1835 N COLUMBIA ST,,31061,MILLEDGEVILLE,GA,706-613-5393
,TINDALL MATTRESS LLC,246 BOBBY JONES EXPY,,30907,AUGUSTA,GA,706-863-7670
,VILLAGES LEATHER GALLERY INC,15941 US 19,,34667,HUDSON,FL,727-868-9300
,TARPON FURNITURE,15941 US 19 N,,34667,HUDSON,FL,727-868-9300
,SHAWN POLONKEY,4 HARNESS PL,,28374,PINEHURST,NC,734-755-9253
,LEVINS OF VIRGINIA,122 W 21ST ST,,23517,NORFOLK,VA,757-200-9805
,WILLIS FURNITURE COMPANY INC,4220 VIRGINIA BEACH BLVD,,23452,VIRGINIA BEACH,VA,757-340-2112
,TIDEWATER DISTRICT CPU,9222 HAMPTON BLVD BLDG CD1,,23505,NORFOLK,VA,757-440-4642
,HAYNES FURNITURE CO INC,815 SIDNEY MARCUS BLVD,,30324,ATLANTA,GA,757-552-1545
,LEVINS OF VIRGINIA,122 W 21ST ST,,23517,NORFOLK,VA,757-630-2367
,DAN DANIELS,231 ENTERPRISE DR,,23603,NEWPORT NEWS,VA,757-888-2803
,HOWARD KEY,2717 SPINDLETOP LN,,30144,KENNESAW,GA,770-296-8523
,SAM FRANKLIN S HOME FURNISHING CTR,144 W MAIN ST,,30120,CARTERSVILLE,GA,770-382-1800
,THE MATTRESS SOURCE INC,6470 DAWSON BLVD,,30093,NORCROSS,GA,770-416-1951
,RELAX THE BACK,120 PEACH STATE CT B,,30290,TYRONE,GA,770-487-4345
,MATTRESS CHOICE INC,485 HORIZON DR 800,,30024,SUWANEE,GA,770-717-2770
,THE MATTRESS SOURCE INC,6470 DAWSON BLVD,,30093,NORCROSS,GA,770-729-8339
,INTERBOND CORPORATION OF AMERICA,2918 BUFORD DR,,30519,BUFORD,GA,770-932-1088
,BRITTS HOME FURNISHINGS,901 N BROAD ST,,30656,MONROE,GA,770-985-4475
,ONE 4 CHIRST INC,1602 US 1,,32960,VERO BEACH,FL,772-562-6007
,THE SLEEP OASIS INC,29870 US HWY 19,,33761,CLEARWATER,FL,773-793-0143
,SOBE FURNITURE,664 NW 118TH ST,,33168,MIAMI,FL,786-226-6126
,THE BETTER BACK STORE,109 STEVENS ST,,32254,JACKSONVILLE,FL,787-547-2511
,BLOOMINGDALES S INC EDI,7100 NW 32ND AVE,,33147,MIAMI,FL,800-777-0000
,MICHAEL S MATTRESS COMPANY,350 COLUMBIA AVE,,29072,LEXINGTON,SC,803-359-2238
,HERITAGE ENTERPRISE INC EDI,2850 BROAD ST,,29150,SUMTER,SC,803-469-8089
,GNS ENTERPRISES LLC,9814 TWO NOTCH RD,,29223,COLUMBIA,SC,803-479-8576
,THE SLEEP RITE SHOP LLC,140 S MAIN ST,,29150,SUMTER,SC,803-773-3357
,BEST MATTRESS CO,713 MEETING ST,,29169,WEST COLUMBIA,SC,803-791-0880
,FAIRWAY PARTNERS LLCEDI,2901 BELLS RD,,23234,RICHMOND,VA,804-377-1401
,MS OPERATIONS LLCC,12057 SOUTHSHORE POINTE DR,,23112,MIDLOTHIAN,VA,804-818-3745
,MAIN STREET MATTRESS,205A N MAIN ST,,23901,FARMVILLE,VA,804-897-1779
,H&H MECHANICAL INC.,10204 FISHER AVENUE,,33619,TAMPA,FL,813-267-8399
,BED PROS,6211 ANDERSON RD,,33634,TAMPA,FL,813-854-4462
,DYNAMIC HEATING & COOLING,226 LUTZ LAKE FERN ROAD,,33548,LUTZ,FL,813-928-6898
,DAN DILL INC,1022 MAIN AVE NW,,28602,HICKORY,NC,828-304-0741
,SLEEP USA MATTRESS LLC,1483 HIGHLANDS RD,,28734,FRANKLIN,NC,828-349-1999
,FACTORY MATTRESS SALESNEWTON NC,2020 NORTHWEST BLVD,,28658,NEWTON,NC,828-465-0793
,HOLLAND FURNITURE COMPANY LLC,HWY 221A,,28076,HENRIETTA,NC,828-657-6328
,SOUTHERN FURNITURE LIQUIDATORS LLC,26 OLD BREVARD RD,,28806,ASHEVILLE,NC,828-684-3113
,BLUE RIDGE BEDDING,155 WAREHOUSE DR,,28717,CASHIERS,NC,828-743-6633
,DAVIS HOME FURNITURE,100 FAIRVIEW RD,,28803,ASHEVILLE,NC,828-785-1452
,SLEEP USA MATTRESS LLC,24 HOLIDAY DR,,28906,MURPHY,NC,828-837-4608
,BLACKBERRY CREEK MATTRESS OUTLET,8859 HWY 105 S,,28607,BOONE,NC,828-963-5503
,BLACKBERRY CREEK MATTRESS OUTLET I,8859 NC HWY 105,,28607,BOONE,NC,828-963-5503
,CAROLINA APPLIANCE & FURNITURE,2936 HWY 65,,29526,CONWAY,SC,843-248-9533
,COASTAL CAROLINA FURNITURE,1244 HWY 17 N,,29566,LITTLE RIVER,SC,843-249-1882
,CHARLESTON FURNITURE LLC,10150 DORCHESTER RD,STE 231,29485,SUMMERVILLE,SC,843-277-0490
,BED MAN INC,11800 HWY 17 BYPASS S,,29576,MURRELLS INLET,SC,843-651-3500
,FURNITURE AND MATTRESS GALLERY SC,721 CAUSAY RD,,29576,MURRELLS INLET,SC,843-651-7489
,ULTIMAX GROUP LLC EDI,141 KNOWLTON WAY,,31407,SAVANNAH,GA,843-656-0785
,ULTIMAX GROUP LLC EDI,2091 N IRBY ST,,29501,FLORENCE,SC,843-656-0785
,ULTIMAX GROUP LLCEDI,330 PACTOLUS HWY,,27834,GREENVILLE,NC,843-656-0785
,ULTIMAX GROUP LLC EDI,906 FRONTAGE RD,,29577,MYRTLE BEACH,SC,843-656-0785
,MATTRESS GALLERY INC,7335 C CROSS COUNTY ROAD,,29418,NORTH CHARLESTON,SC,843-764-1669
,MATTRESS GALLERY INC,7335 C CROSS COUNTY ROAD,,29418,NORTH CHARLESTON,SC,843-817-7782
,MATTRESS SHOP,1308B FORDING ISLAND RD,,29910,BLUFFTON,SC,843-837-5552
,ULTIMAX GROUP LLCEDI,330 DEMING WAY STE B,,29483,SUMMERVILLE,SC,843-856-0735
,TP HOLDINGS LLC,1795 HWY 17 N,STE 6,29464,MOUNT PLEASANT,SC,843-881-1866
,COASTAL BEDDING INC,11620 HWY 17 BYPASS,,29576,MURRELLS INLET,SC,843-997-6941
,MATTRESS NOW INC,7914 MCELVEY RD,,32408,PANAMA CITY,FL,850-234-9368
,THE SLEEP CENTER,12330 EMERALD COAST PKWY,,32550,MIRAMAR BEACH,FL,850-269-3839
,THE SLEEP CENTER FL MG,850 CREIGHTON RD,,32504,PENSACOLA,FL,850-477-1400
,SKIPPER SALES INC,434 MARY ESTHER CUTOFF,,32548,FORT WALTON BEACH,FL,850-586-7686
,BEDZZZ EXPRESS APALACHEE,3217 APALACHEE PKWY,,32311,TALLAHASSEE,FL,850-597-9402
,THE SLEEP CENTER OF PANAMA CITY,1830 W 23RD ST,,32405,PANAMA CITY,FL,850-785-0910
,K AND S INVESTMENTS INC,1163 GULF BREEZE PKWY,,32561,GULF BREEZE,FL,850-932-2250
,TEMPUR PEDIC,1 OFFICE PKWY,,27370,TRINITY,NC,859-314-4714
,CARTERS FURNITURE INC,22549 HWY 27,,33859,LAKE WALES,FL,863-676-2224
,MATTRESS MAN OF GREENWOOD,205 HOSPITALITY BLVD,,29649,GREENWOOD,SC,864-227-2014
,THE MATTRESS FACTORY INC,458 BYPASS 72 NORTHWEST,,29649,GREENWOOD,SC,864-229-4012
,GODWIN RESOURCES INC,215 HEMBREE PARK DR STE 150,,30075,ROSWELL,GA,864-277-5292
,MCALLISTER AND SONS,100 MAIN ST,,29840,MOUNT CARMEL,SC,864-391-2121
,MATTRESS DIRECT OF SC LLC,139 ANDERSON HWY STE 190,,29631,CLEMSON,SC,864-653-9904
,QUALITY BACK PRODUCTS LLC,1129 A WOODRUFF RD,,29607,GREENVILLE,SC,864-987-0555
,DOUBLE EAGLE RETAIL PARTNERS,1218 VIOLET ST,,37813,MORRISTOWN,TN,865-522-3909
,THE BED STORE,7511 CHAPMAN HWY,,37920,KNOXVILLE,TN,865-577-1503
,THE BED STORETN,7511 CHAPMAN HWY,,37920,KNOXVILLE,TN,865-609-7963
,BEDS TO GO MG,869 BINFIELD RD,,37801,MARYVILLE,TN,865-681-2839
,BEDS TO GO MA,869 BINFIELD DR,,37801,MARYVILLE,TN,865-681-2849
,RARE INVESTMENTS INC,7114 MAYNARDVILLE HWY,,37918,KNOXVILLE,TN,865-922-3636
,ZINE DISTRIBUTION LLCMG,200 C ST,,37771,LENOIR CITY,TN,865-986-0737
,ELLER AND OWENS FURNITURE,7555 GEORGIA RD,,28734,FRANKLIN,NC,888-864-1506
,EDUCATION REALTV TRUST,175 INTERNATIONAL DR,,30605,ATHENS,GA,901-259-2500
,SFTF LLC,12740 KENAN DR,,32258,JACKSONVILLE,FL,904-880-5880
,SWEET DREAMS MATRESSES AND MORE,150 COMMERCE AVE,,28387,SOUTHERN PINES,NC,910-246-2233
,TIMMINS AND ASSOC INC,HWY 24 W 807 W CORBETTE AVE,,28584,SWANSBORO,NC,910-326-5228
,HEW ENTERPRISES INC,5309 CAROLINA BEACH RD 3,,28412,WILMINGTON,NC,910-397-0368
,HEW ENTERPRISES INC,5309 3 CAROLINA BEACH RD,,28412,WILMINGTON,NC,910-397-7636
,HEW ENTERPRISES,851 1 SUNNYVALE DR,,28412,WILMINGTON,NC,910-397-7636
,ABC MATTRESS,3496 GILLESPIE ST,,28306,FAYETTEVILLE,NC,910-425-7900
,GNS ENTERPRISES LLC,934 ROBESON ST,,28314,FAYETTEVILLE,NC,910-431-2167
,GNS ENTERPRISES LLC,6502 MARKET ST,,28405,WILMINGTON,NC,910-796-0450
,GNS ENTERPRISES LLC,6502 MARKET ST,,28405,WILMINGTON,NC,910-796-0498
,GREEN FROG SLEEP CENTER,7501 ABERCORN ST,,31406,SAVANNAH,GA,912-352-4001
,GIBSON MCDONALD FURNITURE,395 BONNEYMAN RD,,31516,BLACKSHEAR,GA,912-490-1003
,JUST FOR SLEEP INC,1605 HWY 40 E,,31548,KINGSLAND,GA,912-576-8824
,TERRLL BROS,5300 HWY 144 W,,30427,GLENNVILLE,GA,912-654-4425
,SIT AND SLEEP OF GA INC,30 MONTGOMERY CROSSROADS,,31406,SAVANNAH,GA,912-961-0202
,CRAWFORD FURNITURE CO INC,115 W MAIN ST,,27863,PIKEVILLE,NC,919-242-5639
,MATTRESS CAPITAL,11216 CAPITAL BLVD,,27587,WAKE FOREST,NC,919-562-4424
,GUNTERS INVESTMENTS INC,1803 HAWKINS AVE,,27330,SANFORD,NC,919-775-1357
,QUALITY BACK PRODUCTS LLC,4209 108 LASSITER MILL RD,,27609,RALEIGH,NC,919-782-2432
,HOME COMFORT DISTRIBUTION CENTER,900 AVIATION PKWY,STE 200 DOOR 42,27560,MORRISVILLE,NC,919-806-1100
,THE BETTER SLEEP STORERE,1728 N FORDHAM BLVD,STE 117,27514,CHAPEL HILL,NC,919-967-8811
,STANDARD FURNITURE,212 S MAIN AVE 09,,37334,FAYETTEVILLE,TN,931-433-6172
,Nicholas Ferrell,898 Hunter Cove Rd,,38541,Allons,TN,931-823-2693
,KILBYS FURNITURE,400 WILSON AVE,,37388,TULLAHOMA,TN,931-841-3902
,HALL FURNITURE,912 S COLLEGE ST,,37398,WINCHESTER,TN,931-967-2716
,HALL FURNITURE,3131 DECHARD,,37398,WINCHESTER,TN,931-967-7176
,WC MATTRESS OF VENICE INC,500 S US 41 BYPASS,,34285,VENICE,FL,941-445-5549
,WEST COAST MATTRESS,3880 TAMIAMI TRAIL,,33952,PORT CHARLOTTE,FL,941-625-0101
,THEODORE CHELENA,1622 TERRA CEIA BAY CIR,,34221,PALMETTO,FL,941-721-3855
,HIGHLAND PARK FURNITURE & MATTRESS,7381 52ND PLACE EAST,,34203,BRADENTON,FL,941-739-6400
,AQUA PLUMBING & AIR,8283 VICO COURT,,34240,SARASOTA,FL,941-915-4927
,RDI INDUSTRIES INC,3058 N FEDERAL HWY,,33306,FORT LAUDERDALE,FL,954-561-0670
,BEDDING BARN,8201 W COMMERCIAL BLVD,,33351,TAMARAC,FL,954-726-3920
,CORY FIRST CHOICE HOME DELIVERY,3764 PARK CENTRAL BLVD,,33064,POMPANO,FL,954-956-0224
,BCH MECHANICAL,1 DAVIS BLVD,STE L1 BASEMENT,33606,TAMPA,FL,
,SEMCO,1 RECOVERY RD,,72110,MORRILTON,AR,
,JEWELL MECHANICAL,1000 ELM HILL PIKE,,37210,NASHVILLE,TN,
,COMFORT SYSTEMS USA SE,1000 SCHOOL AVE,,32401,PANAMA CITY,FL,
,M AND D SUPPLY COMPANY,10200 INDUSTRIAL SUPPLY COMPANY,,30014,COVINGTON,GA,
,MCCORVEY SHEET METAL WORKS,10221 ROCKET BLVD,,32824,ORLANDO,FL,
,BAY HARBOR CLUB CONDO,1025 92ND ST,,33154,BAL HARBOUR,FL,
,LANG MECHANICAL,1026 CAMPBELL ST,,31792,THOMASVILLE,GA,
,JB HUNT HUB BIRM,103 SHADES CREEK CIR,,35211,BIRMINGHAM,AL,
,HA SPICK CD,1040 DOUGLAS RD,,29904,BEAUFORT,SC,
,BRASFIELD & GORRIE,1100 HWY 16 E,,39051,CARTHAGE,MS,
,MCKNIGHT CONSTRUCTION,1101 CHERAW DR,,29501,FLORENCE,SC,
,PURNELL RICHMOND,11223 LEADBETTER RD,,23005,ASHLAND,VA,
,ST. MARTINS,1128 NW 7 AVE,,33136,MIAMI,FL,
,ENDLESS AIR,1141 CAINHOY RD,,29492,CHARLESTON,SC,
,BENTELER STEEL,11650 LA HWY 1,,71115,SHREVEPORT,LA,
,LEE COMPANY,118 WHEELER ST,,37086,LA VERGNE,TN,
,NVC EXPRESS TAMP HUB,1203 PINE ST,,32824,ORLANDO,FL,
,OLIVER AIR SYSTEMS,121 CONE ST.,,30459,STATESBORO,GA,
,MXD RALEIGH HUB,1210 CORPORATION PKWY,,27610,RALEIGH,NC,
,OSE PUERTO RICO HUB,12300 NW 116TH AVE,,33178,MEDLEY,FL,
,RKM CONSTRUCTION SYSTEMS ,128 S. MCDOWELL ST,,27601,RALEIGH,NC,
,C AND R MECHANICAL,12825 PENNRIDGE,,63044,BRIDGETON,MO,
,ALESSABDRA HOLOWESKI,1309 NW 65TH PL,,33309,FORT LAUDERDALE,FL,
,JAXX,13910 ALVAREZ RD,,32218,JACKSONVILLE,FL,
,ESQUIRE ESQU HUB,1395 E 11TH AVE,,33010,HIALEAH,FL,
,MCKENNEYS INC.,1460 MORELAND AVE,,30316,ATLANTA,GA,
,BREVARD LUMBER CO,1480 N HWY US 1,,32796,TITUSVILLE,FL,
,BAKER DOTHAN,150 TECHNOLOGY DRIVE,,36303,DOTHAN,AL,
,VIRGINIAN SUITES,1500 ARLINGTON BLVD,,22209,ARLINGTON,VA,
,SIEMENS INDUSTRY,1514 JEFFERSON HWY,,70121,NEW ORLEANS,LA,
,SILVER SHEET METAL,1571 BROAD STREET,,30904,AUGUSTA,GA,
,SAN DAVIS INC,160H PINEHURST AVE,,28387,SOUTHERN PINES,NC,
,MCKELVEY MECHANICAL,1700 26TH AVE SUITE B,,35401,TUSCALOOSA,AL,
,SOUTHEAST MECHANICAL,17108 COUNTY LINE RD,,53182,UNION GROVE,WI,
,R AND R MECHANICAL,1725 MELLFORD AVENUE,,40206,LOUISVILLE,KY,
,JB HUNT DOTH HUB,1768 INDUSTRIAL RD STE 2,,36303,DOTHAN,AL,
,DNOW L. P.,1824 GRAND CAILLOU ROAD,,70363,HOUMA,LA,
,PARKWAY MED CENTER,1874 BELTLINE RD,,35601,DECATUR,AL,
,PERSPECTIVE GLASS,1903 NW 40TH COURT,,33064,POMPANO BEACH,FL,
,JB HUNT HUB ALTH,195 KING MILL RD,,30253,MCDONOUGH,GA,
,SIG COX,1980 N MAIN ST HWY 17,,29483,SUMMERVILLE,SC,
,CUSTOMER MECHANICAL SYSTEMS IN,1985 GRASSLAND PARKWAY,,30004,ALPHARETTA,GA,
,LG ELECTRONICS USA INC,200 INTERSTATE SOUTH,,30253,MCDONOUGH,GA,
,COMMONWEALTH MECH SERVICE,2000 ENTERPRISE DR,,24551,FOREST,VA,
,CREST AT MIDTOWN,205 SOUTH KINGS DRIVE,,28204,CHARLOTTE,NC,
,VETRO,20555 TEXAS 249,,77070,HOUSTON,TX,
,CENTURY HEATING & COOLING,2057 ATTALA RD 1223,,39090,KOSCIUSKO,MS,
,KAUFFMAN TIRES,2103 JAMES REDMAN PKWY,,33563,PLANT CITY,FL,
,COASTAL MECH,2140 DON WICKMAN DR,,34711,CLERMONT,FL,
,HIE,2143 MAHANEY AVE,,74464,TAHLEQUAH,OK,
,ATI,2250 MASSARO BLVD,,33619,TAMPA,FL,
,ROTH SOUTHEAST,2260 SW 66TH TERR,,33317,DAVIE,FL,
,ESQUIRE ESQU HUB,2275 E 11TH AVE,,33013,HIALEAH,FL,
,GEORGIA METAL CORP,2301 NW 30TH PLACE,,33069,POMPANO,FL,
,DOLLAR SHEET METAL,232 ADAM BROWN RD,,71964,PEARCY,AR,
,ANCHOR MECHANICAL,234 N FAIRFIELD,,60612,CHICAGO,IL,
,UNIVERSITY OF KY LOFTS,236 BOLIVAR STREET,,40508,LEXINGTON,KY,
,MILLERS PLUMBING AND MECHANICA,2411 FLEISHMANN RD,,32308,TALLAHASSEE,FL,
,COASTAL MECHANICAL SERVICES,2425 E LANDSTREET RD,,32824,ORLANDO,FL,
,JB HUNT PENS HUB,250 AMBER ST,,32503,PENSACOLA,FL,
,COMMERCIAL AIR SYSTEMS,2520 JOHNSON DR,BLDG A,30040,CUMMING,GA,
,BSA SHEETMETAL,2530 ALI BABA AVE,,33054,OPA LOCKA,FL,
,PIGEON FORGE WWTP,2530 CITY PARK DR,,37868,PIGEON FORGE,TN,
,SHUMATE MEGHANICAL,255 BALDWIN ST,,30602,ATHENS,GA,
,GEORGETOWN CUPCAKE,262 BUCKHEAD AVE STE C353,,30305,ATLANTA,GA,
,ROSS DRESS FOR LESS,2643 NORTHWEST 13TH ST STE #30,,32609,GAINESVILLE,FL,
,CRISAK INC,2700 GALLOWS RD,,22180,VIENNA,VA,
,MCDONALD AIR & SHEET METAL,2730 EUNICE AVE,,32808,ORLANDO,FL,
,BONITZ CONTRACTING CO INC,278 HARBISON BLVD,,29212,COLUMBIA,SC,
,PURNELL HIGH POINT,2815 EARLHAM PL STE 103,,27263,HIGH POINT,NC,
,FG WILSON USA,284 MAWSONS WAY,,29108,NEWBERRY,SC,
,LEE HEATING & COOLING,2915 60TH STREET,,53140,KENOSHA,WI,
,SEARS HOLDINGS CORPN,2969 FAYE ROAD,,32226,JACKSONVILLE,FL,
,NEWCOMB AND COMPANY,3000 COMFORT COURT,,27604,RALEIGH,NC,
,COASTAL MECHANICAL SERVICES,301 MEMORIAL MEDICAL PKWY 1,,32117,DAYTONA BEACH,FL,
,PHOENIX AC,3026 SW 42ND ST,,33312,FT LAUDERDALE,FL,
,BARDI MECHANICAL,3035 FANFARE WAY,,30009,ALPHARETTA,GA,
,THOMAS MECHANICAL,309 HILLCREST DR,,29360,LAURENS,SC,
,JR NICHOLS COMPANY,3090 JONQUIL DR,,30080,SMYRNA,GA,
,BCH MECHANICAL,3100 E FLETCHER AVE,,33613,TAMPA,FL,
,H & M MECHANICAL,3100 RICHARD ARRINGTON JR.,BLVD NORTH,35203,BIRMINGHAM,AL,
,WW GAY MECHANICAL,311 W. MONROE ST.,,32601,GAINESVILLE,FL,
,LAWSON A  C & PLUMBING,3137 FRONTAGE ROAD,,30504,GAINESVILLE,GA,
,ORTEGA JUNEAU,3285 NW 107TH AVE,,33172,MIAMI,FL,
,THE SLEEP ZONE INC,3309 E STONE DR,,37660,KINGSPORT,TN,
,AMCO  ASSOC. MECH. SERVICE CO,3325 SKYWAY DRIVE,,36830,AUBURN,AL,
,COMPLETE MECHANICAL,3540 SWENSON AVE,,60174,SAINT CHARLES,IL,
,NVC EXPRESS BVIL HUB,371 MEYER RD,,60106,BENSENVILLE,IL,
,SRINGHILL LABOR AND DELIVERY,3719 DAUPHIN ST,,36608,MOBILE,AL,
,ALLIANT ENERGY  WHSE BLDG,3739 LAKESHORE DR,,53081,SHEBOYGAN,WI,
,MODERA BIRD,3790 SW 40 ST,,33146,MIAMI,FL,
,MBI INDUSTRIAL INC,3816 NE 85TH,,73065,NEWCASTLE,OK,
,PERIMETER SHEET METAL CO,3838 GRANT RD.,,30294,ELLENWOOD,GA,
,F OST BANK WESTOVER HILLS,3838 ROGERS RD,,78238,SAN ANTONIO,TX,
,GEORGIA METAL FINISHING INC.,3945 HWY 172,,30629,COMER,GA,
,EXEL DALLAS,400 PATRIOT PKWY,,76262,ROANOKE,TX,
,AC GENERAL,401 AGMAC AVE,,32254,JACKSONVILLE,FL,
,LEE COMPANY,401 JACKSON ST,,37219,NASHVILLE,TN,
,CORNERSTONE MECHANICAL,401 MAPLE AVE,,37210,NASHVILLE,TN,
,ELIZABETH RIMER MECH,4011 SEABOARD CIRCLE A3,,23701,PORTSMOUTH,VA,
,MEMP,4105 HICKORY HILL RD STE 103,,38115,MEMPHIS,TN,
,DELTA LAUNDRY EQUIPMENT,4201 HWY 82 E,,38930,GREENWOOD,MS,
,RB AKINS CO,4425 N SANTA FE AVE,,73118,OKLAHOMA CITY,OK,
,JAVEL TRADING CARGO INC.,4460 NW 74TH AVENUE,,33166,MIAMI,FL,
,MUSCOGEE AUTO GLASS,4507 MILGEN RD,,31907,COLUMBUS,GA,
,MATTRESS XPERT LLC,4531 NE 5TH TER,,33334,OAKLAND PARK,FL,
,ST JOSEPHS HOSPITAL,4610 N HABANA AVE,,33614,TAMPA,FL,
,CAPITAL REFRIGERATION AUBURN,480 NORTH DEAN RD STE G3,,36830,AUBURN,AL,
,B AND I CONTRACTORS,4875 GRANDIFLORA RD,,33418,PALM BEACH GARDENS,FL,
,NES OPERATIONS & TRAINING CENT,488 MYATT DR,,37115,MADISON,TN,
,A ARTIC A  C,491 NE 28TH STREET,,33064,POMPANO BEACH,FL,
,EAS,505 BAXTER PKWY,,30025,SOCIAL CIRCLE,GA,
,BAXTER,505 BAXTER PKWY,,30025,SOCIAL CIRCLE,GA,
,PRECISION AIR CONDITIONING,505 CANAVERAL GROVES BLVD.,,32926,COCOA,FL,
,MOORES METAL WORKS,515 SE 11TH PLACE,,32601,GAINESVILLE,FL,
,5 STAR HEATING AND COOLING,519 HIGHWAY 319 N,,31794,TIFTON,GA,
,BAHNSON INC,52 PELHAM DAVIS CIR,,29615,GREENVILLE,SC,
,ITW DAVID SPEER ACADEMY,5357 W. GRAND AVE,,60639,CHICAGO,IL,
,SOUTHEASTERN AC,5515 EXPORT BLVD,,31408,GARDEN CITY,GA,
,ABM  CALVERT JONES,5703 EDSALL ROAD,,22304,ALEXANDRIA,VA,
,DUFFEY SOUTHEAST INC,5866 JETWAY DR,,38002,ARLINGTON,TN,
,PURNELLVA BEACH,5908 TURSTON AVE,,23455,VIRGINIA BEACH,VA,
,ALTIER MECHANICAL,6123 KIRKSTONE LN,,34786,WINDERMERE,FL,
,LEGACY MECHANICAL,6135 BARFIELD RD,,30328,SANDY SPRINGS,GA,
,SUNRISE RAIL,6150 EDGEWATE DRIVE SUITE E,,32810,ORLANDO,FL,
,JB HUNT CHAT HUB,6170 ENTERPRISE PARK DR,,37421,CHATTANOOGA,TN,
,METROPOLITAN AIR TECH  LLC.,6235 S OAK PARK AVE,,60638,CHICAGO,IL,
,PURNELL JACKSONVILLE,6631 EXECUTIVE PARK CT STE 201,,32216,JACKSONVILLE,FL,
,LAKE NONA TOWN CENTER,6941 LAKE NONA BLVD,,32827,ORLANDO,FL,
,MCC  KNIGHT WILSON,6955 LAKE NONA BLVD,,32827,ORLANDO,FL,
,ANGLER AIR,7220 HWY 17TH S,,32003,FLEMING ISLAND,FL,
,JB HUNT SAVA HUB,760 KING GEORGE BLVD,,31419,SAVANNAH,GA,
,OKIE INN,774 S LYNN RIGGS BLVD,,74017,CLAREMORE,OK,
,DUCT DESIGN,7850 WEST 22 AVE,,33016,HIALEAH,FL,
,FLORIDA HYDRONIC SOLUTIONS,7951 MERCANTILE ST,,33917,NORTH FORT MYERS,FL,
,BLU AT NORTH,8000 W DR,,33141,NORTH BAY VILLAGE,FL,
,SOUTHEASTERN MECHANICAL,820 JUNIPER CRESCENT,,23320,CHESAPEAKE,VA,
,HYATT PLACE,820 LADY STREET,,29201,COLUMBIA,SC,
,JOHN C. CASSIDY AC LAVERACK,846 WEST 13TH COURT,,33404,RIVIERA BEACH,FL,
,MCCALLS,85 BROOD RIVER BLVD,,29903,BEAUFORT,SC,
,GEORGIA STATE UNIVERSITY,85 PARK PLACE,,30303,ATLANTA,GA,
,MITCHELL MECHANICAL,850 PICKENS IND. DR. SUITE H,,30062,MARIETTA,GA,
,SHUMATE MECHANICAL,855 MAYFIELD RD,,30009,ALPHARETTA,GA,
,WISCH & JACKSON CO. OF FLA.,861 JUPITER PARK DRIVE,STE A,33458,JUPITER,FL,
,SOUTH MECKLENBURG HIGH SCHOOL,8900 PARK ROAD,,28210,CHARLOTTE,NC,
,BELO COOLING AND HEATING ING,90 WHITEHALL DR,,62269,O'FALLON,IL,
,MISSOURI AMERICAN WATER,901 HOG HOLLOW ROAD,,63017,CHESTERFIELD,MO,
,NATIONS ROOF,901 SENTRY DR,,53189,WAUKESHA,WI,
,AIR Q,9010 SW 32 STREET,,33165,MIAMI,FL,
,VENTAIRE,909 N WHEELING AVE,,74110,TULSA,OK,
,MXD LKL HUB,9110 KING PALM DR STE 103,,33619,TAMPA,FL,
,BARDI MECHANICAL,930 SPRING ST,,30309,ATLANTA,GA,
,JOHN DADE PARKS AND ZOO,9315 NW 112 AVE,,33178,MIAMI,FL,
,JM CLAYTON COMPANY,98 AVENUE H,,30286,THOMASTON,GA,
,STELLAR 1,989 IMESON PARK BLVD,,32218,JACKSONVILLE,FL,
,SILVER SHEET METAL,BLDGE 21718,INTERSECTION CHAMBELIN AVE AND,30905,FORT GORDON,GA,
,TRICITY PLAZA,E BAY DRIVE & HWY 13,,33770,LARGO,FL,
,KOHLER POWER SYSTEMS,N7650 COUNTY RD LS,,53083,SHEBOYGAN,WI,
,KEYSTONE CONSTRUCTORS  ROCHE,ROCHE CAROLINA,6173 EAST OLD MARION HIGHWAY,29506,FLORENCE,SC,
,RDI INDUSTRIES INC,3058 N FEDERAL HWY,,33306,FORT LAUDERDALE,FL,954-537-9077
1068693,TEMPUR PEDIC FREIGHT PAYABLES,PO BOX 16929,43216,COLUMBUS,OH,,
1068693,TEMPUR PEDIC FREIGHT PAYABLES,PO BOX 16929,43216,COLUMBUS,OH,,